BEGIN TRANSACTION;
CREATE TABLE "auth_group" ("id" integer NOT NULL PRIMARY KEY AUTOINCREMENT, "name" varchar(150) NOT NULL UNIQUE);
CREATE TABLE "auth_group_permissions" ("id" integer NOT NULL PRIMARY KEY AUTOINCREMENT, "group_id" integer NOT NULL REFERENCES "auth_group" ("id") DEFERRABLE INITIALLY DEFERRED, "permission_id" integer NOT NULL REFERENCES "auth_permission" ("id") DEFERRABLE INITIALLY DEFERRED);
CREATE TABLE "auth_permission" ("id" integer NOT NULL PRIMARY KEY AUTOINCREMENT, "content_type_id" integer NOT NULL REFERENCES "django_content_type" ("id") DEFERRABLE INITIALLY DEFERRED, "codename" varchar(100) NOT NULL, "name" varchar(255) NOT NULL);
INSERT INTO "auth_permission" VALUES(1,1,'add_logentry','Can add log entry');
INSERT INTO "auth_permission" VALUES(2,1,'change_logentry','Can change log entry');
INSERT INTO "auth_permission" VALUES(3,1,'delete_logentry','Can delete log entry');
INSERT INTO "auth_permission" VALUES(4,1,'view_logentry','Can view log entry');
INSERT INTO "auth_permission" VALUES(5,2,'add_permission','Can add permission');
INSERT INTO "auth_permission" VALUES(6,2,'change_permission','Can change permission');
INSERT INTO "auth_permission" VALUES(7,2,'delete_permission','Can delete permission');
INSERT INTO "auth_permission" VALUES(8,2,'view_permission','Can view permission');
INSERT INTO "auth_permission" VALUES(9,3,'add_group','Can add group');
INSERT INTO "auth_permission" VALUES(10,3,'change_group','Can change group');
INSERT INTO "auth_permission" VALUES(11,3,'delete_group','Can delete group');
INSERT INTO "auth_permission" VALUES(12,3,'view_group','Can view group');
INSERT INTO "auth_permission" VALUES(13,4,'add_contenttype','Can add content type');
INSERT INTO "auth_permission" VALUES(14,4,'change_contenttype','Can change content type');
INSERT INTO "auth_permission" VALUES(15,4,'delete_contenttype','Can delete content type');
INSERT INTO "auth_permission" VALUES(16,4,'view_contenttype','Can view content type');
INSERT INTO "auth_permission" VALUES(17,5,'add_session','Can add session');
INSERT INTO "auth_permission" VALUES(18,5,'change_session','Can change session');
INSERT INTO "auth_permission" VALUES(19,5,'delete_session','Can delete session');
INSERT INTO "auth_permission" VALUES(20,5,'view_session','Can view session');
INSERT INTO "auth_permission" VALUES(21,6,'add_amenity','Can add amenity');
INSERT INTO "auth_permission" VALUES(22,6,'change_amenity','Can change amenity');
INSERT INTO "auth_permission" VALUES(23,6,'delete_amenity','Can delete amenity');
INSERT INTO "auth_permission" VALUES(24,6,'view_amenity','Can view amenity');
INSERT INTO "auth_permission" VALUES(25,7,'add_booking','Can add booking');
INSERT INTO "auth_permission" VALUES(26,7,'change_booking','Can change booking');
INSERT INTO "auth_permission" VALUES(27,7,'delete_booking','Can delete booking');
INSERT INTO "auth_permission" VALUES(28,7,'view_booking','Can view booking');
INSERT INTO "auth_permission" VALUES(29,8,'add_hotel','Can add hotel');
INSERT INTO "auth_permission" VALUES(30,8,'change_hotel','Can change hotel');
INSERT INTO "auth_permission" VALUES(31,8,'delete_hotel','Can delete hotel');
INSERT INTO "auth_permission" VALUES(32,8,'view_hotel','Can view hotel');
INSERT INTO "auth_permission" VALUES(33,9,'add_payment','Can add payment');
INSERT INTO "auth_permission" VALUES(34,9,'change_payment','Can change payment');
INSERT INTO "auth_permission" VALUES(35,9,'delete_payment','Can delete payment');
INSERT INTO "auth_permission" VALUES(36,9,'view_payment','Can view payment');
INSERT INTO "auth_permission" VALUES(37,10,'add_review','Can add review');
INSERT INTO "auth_permission" VALUES(38,10,'change_review','Can change review');
INSERT INTO "auth_permission" VALUES(39,10,'delete_review','Can delete review');
INSERT INTO "auth_permission" VALUES(40,10,'view_review','Can view review');
INSERT INTO "auth_permission" VALUES(41,11,'add_room','Can add room');
INSERT INTO "auth_permission" VALUES(42,11,'change_room','Can change room');
INSERT INTO "auth_permission" VALUES(43,11,'delete_room','Can delete room');
INSERT INTO "auth_permission" VALUES(44,11,'view_room','Can view room');
INSERT INTO "auth_permission" VALUES(45,12,'add_user','Can add user');
INSERT INTO "auth_permission" VALUES(46,12,'change_user','Can change user');
INSERT INTO "auth_permission" VALUES(47,12,'delete_user','Can delete user');
INSERT INTO "auth_permission" VALUES(48,12,'view_user','Can view user');
INSERT INTO "auth_permission" VALUES(49,13,'add_roomtype','Can add room type');
INSERT INTO "auth_permission" VALUES(50,13,'change_roomtype','Can change room type');
INSERT INTO "auth_permission" VALUES(51,13,'delete_roomtype','Can delete room type');
INSERT INTO "auth_permission" VALUES(52,13,'view_roomtype','Can view room type');
CREATE TABLE "django_admin_log" ("id" integer NOT NULL PRIMARY KEY AUTOINCREMENT, "object_id" text NULL, "object_repr" varchar(200) NOT NULL, "action_flag" smallint unsigned NOT NULL CHECK ("action_flag" >= 0), "change_message" text NOT NULL, "content_type_id" integer NULL REFERENCES "django_content_type" ("id") DEFERRABLE INITIALLY DEFERRED, "user_id" bigint NOT NULL REFERENCES "user_user" ("id") DEFERRABLE INITIALLY DEFERRED, "action_time" datetime NOT NULL);
CREATE TABLE "django_content_type" ("id" integer NOT NULL PRIMARY KEY AUTOINCREMENT, "app_label" varchar(100) NOT NULL, "model" varchar(100) NOT NULL);
INSERT INTO "django_content_type" VALUES(1,'admin','logentry');
INSERT INTO "django_content_type" VALUES(2,'auth','permission');
INSERT INTO "django_content_type" VALUES(3,'auth','group');
INSERT INTO "django_content_type" VALUES(4,'contenttypes','contenttype');
INSERT INTO "django_content_type" VALUES(5,'sessions','session');
INSERT INTO "django_content_type" VALUES(6,'hotel','amenity');
INSERT INTO "django_content_type" VALUES(7,'hotel','booking');
INSERT INTO "django_content_type" VALUES(8,'hotel','hotel');
INSERT INTO "django_content_type" VALUES(9,'hotel','payment');
INSERT INTO "django_content_type" VALUES(10,'hotel','review');
INSERT INTO "django_content_type" VALUES(11,'hotel','room');
INSERT INTO "django_content_type" VALUES(12,'user','user');
INSERT INTO "django_content_type" VALUES(13,'hotel','roomtype');
CREATE TABLE "django_migrations" ("id" integer NOT NULL PRIMARY KEY AUTOINCREMENT, "app" varchar(255) NOT NULL, "name" varchar(255) NOT NULL, "applied" datetime NOT NULL);
INSERT INTO "django_migrations" VALUES(1,'contenttypes','0001_initial','2025-04-07 09:02:31.992460');
INSERT INTO "django_migrations" VALUES(2,'contenttypes','0002_remove_content_type_name','2025-04-07 09:02:32.088903');
INSERT INTO "django_migrations" VALUES(3,'auth','0001_initial','2025-04-07 09:02:32.317836');
INSERT INTO "django_migrations" VALUES(4,'auth','0002_alter_permission_name_max_length','2025-04-07 09:02:32.418515');
INSERT INTO "django_migrations" VALUES(5,'auth','0003_alter_user_email_max_length','2025-04-07 09:02:32.527367');
INSERT INTO "django_migrations" VALUES(6,'auth','0004_alter_user_username_opts','2025-04-07 09:02:32.658034');
INSERT INTO "django_migrations" VALUES(7,'auth','0005_alter_user_last_login_null','2025-04-07 09:02:32.764891');
INSERT INTO "django_migrations" VALUES(8,'auth','0006_require_contenttypes_0002','2025-04-07 09:02:32.859202');
INSERT INTO "django_migrations" VALUES(9,'auth','0007_alter_validators_add_error_messages','2025-04-07 09:02:32.966732');
INSERT INTO "django_migrations" VALUES(10,'auth','0008_alter_user_username_max_length','2025-04-07 09:02:33.070054');
INSERT INTO "django_migrations" VALUES(11,'auth','0009_alter_user_last_name_max_length','2025-04-07 09:02:33.171317');
INSERT INTO "django_migrations" VALUES(12,'auth','0010_alter_group_name_max_length','2025-04-07 09:02:33.291308');
INSERT INTO "django_migrations" VALUES(13,'auth','0011_update_proxy_permissions','2025-04-07 09:02:33.425592');
INSERT INTO "django_migrations" VALUES(14,'auth','0012_alter_user_first_name_max_length','2025-04-07 09:02:33.541444');
INSERT INTO "django_migrations" VALUES(15,'user','0001_initial','2025-04-07 09:02:33.762007');
INSERT INTO "django_migrations" VALUES(16,'admin','0001_initial','2025-04-07 09:02:33.984389');
INSERT INTO "django_migrations" VALUES(17,'admin','0002_logentry_remove_auto_add','2025-04-07 09:02:34.098245');
INSERT INTO "django_migrations" VALUES(18,'admin','0003_logentry_add_action_flag_choices','2025-04-07 09:02:34.220436');
INSERT INTO "django_migrations" VALUES(19,'hotel','0001_initial','2025-04-07 09:02:34.347376');
INSERT INTO "django_migrations" VALUES(20,'hotel','0002_initial','2025-04-07 09:02:34.503744');
INSERT INTO "django_migrations" VALUES(21,'sessions','0001_initial','2025-04-07 09:02:34.708964');
INSERT INTO "django_migrations" VALUES(22,'hotel','0003_alter_room_unique_together','2025-04-07 09:55:00.247679');
INSERT INTO "django_migrations" VALUES(23,'hotel','0004_alter_amenity_description','2025-04-07 10:06:30.048836');
INSERT INTO "django_migrations" VALUES(24,'hotel','0005_roomtype_alter_room_room_type','2025-04-08 07:45:57.758310');
INSERT INTO "django_migrations" VALUES(25,'hotel','0006_remove_booking_room_booking_rooms','2025-04-08 08:30:34.706559');
INSERT INTO "django_migrations" VALUES(26,'hotel','0007_payment_invoice_id','2025-04-24 10:44:00.894902');
CREATE TABLE "django_session" ("session_key" varchar(40) NOT NULL PRIMARY KEY, "session_data" text NOT NULL, "expire_date" datetime NOT NULL);
INSERT INTO "django_session" VALUES('ayzj1uw0o22mhs6qbpamodmvp7bumwgg','.eJxVjEEOwiAQRe_C2pBBKAWX7nsGMsyAVA0kpV0Z765NutDtf-_9lwi4rSVsPS1hZnERSpx-t4j0SHUHfMd6a5JaXZc5yl2RB-1yapye18P9OyjYy7cG9mcDDt0QwTNlh9GSBtbWGECf_TiiMt76nB0oUESOkuMISietBhbvD9bgN58:1u1iP8:KvcT-JuZTWn0Y-AHm520dlT4NsSeLVn-NURLZ2TivOE','2025-04-21 09:04:30.343478');
CREATE TABLE "hotel_amenity" ("id" integer NOT NULL PRIMARY KEY AUTOINCREMENT, "name" varchar(255) NOT NULL, "description" text NOT NULL);
INSERT INTO "hotel_amenity" VALUES(1,'Free parking','');
INSERT INTO "hotel_amenity" VALUES(2,'Free WiFi','High-speed wifi up to 1000 megabits per second');
INSERT INTO "hotel_amenity" VALUES(3,'Non-smoking rooms','Rooms with a 100% smoke-free environment.');
INSERT INTO "hotel_amenity" VALUES(4,'Spa','Relaxing wellness treatments and massage services.');
INSERT INTO "hotel_amenity" VALUES(5,'EV charging','');
CREATE TABLE "hotel_booking" ("id" integer NOT NULL PRIMARY KEY AUTOINCREMENT, "check_in" datetime NOT NULL, "check_out" datetime NOT NULL, "adults" integer NOT NULL, "children" integer NOT NULL, "user_id" bigint NOT NULL REFERENCES "user_user" ("id") DEFERRABLE INITIALLY DEFERRED);
INSERT INTO "hotel_booking" VALUES(3,'2025-05-14 12:00:00','2025-05-16 12:00:00',1,1,1);
INSERT INTO "hotel_booking" VALUES(9,'2025-04-25 13:00:00','2025-04-27 14:00:00',5,0,1);
INSERT INTO "hotel_booking" VALUES(10,'2025-04-28 13:00:00','2025-04-30 13:00:00',5,0,1);
INSERT INTO "hotel_booking" VALUES(11,'2025-05-01 13:00:00','2025-05-03 13:00:00',5,0,1);
INSERT INTO "hotel_booking" VALUES(12,'2025-05-03 13:00:00','2025-05-05 13:00:00',5,0,1);
INSERT INTO "hotel_booking" VALUES(13,'2025-05-05 13:00:00','2025-05-07 13:00:00',5,0,1);
INSERT INTO "hotel_booking" VALUES(14,'2025-05-07 13:00:00','2025-05-09 13:00:00',5,0,1);
INSERT INTO "hotel_booking" VALUES(15,'2025-05-09 13:00:00','2025-05-11 13:00:00',5,0,1);
INSERT INTO "hotel_booking" VALUES(16,'2025-05-11 13:00:00','2025-05-13 13:00:00',5,0,1);
INSERT INTO "hotel_booking" VALUES(17,'2025-05-13 13:00:00','2025-05-15 13:00:00',5,0,1);
INSERT INTO "hotel_booking" VALUES(18,'2025-05-15 13:00:00','2025-05-17 13:00:00',5,0,1);
INSERT INTO "hotel_booking" VALUES(19,'2025-05-17 13:00:00','2025-05-19 13:00:00',5,0,1);
INSERT INTO "hotel_booking" VALUES(20,'2025-05-19 13:00:00','2025-05-21 13:00:00',5,0,1);
INSERT INTO "hotel_booking" VALUES(21,'2025-05-21 13:00:00','2025-05-23 13:00:00',5,0,1);
INSERT INTO "hotel_booking" VALUES(22,'2025-05-23 13:00:00','2025-05-25 13:00:00',5,0,1);
INSERT INTO "hotel_booking" VALUES(23,'2025-05-25 13:00:00','2025-05-27 13:00:00',5,0,1);
INSERT INTO "hotel_booking" VALUES(24,'2025-05-27 13:00:00','2025-05-29 13:00:00',5,0,1);
INSERT INTO "hotel_booking" VALUES(25,'2025-05-29 13:00:00','2025-05-31 13:00:00',5,0,1);
CREATE TABLE "hotel_booking_rooms" ("id" integer NOT NULL PRIMARY KEY AUTOINCREMENT, "booking_id" bigint NOT NULL REFERENCES "hotel_booking" ("id") DEFERRABLE INITIALLY DEFERRED, "room_id" bigint NOT NULL REFERENCES "hotel_room" ("id") DEFERRABLE INITIALLY DEFERRED);
INSERT INTO "hotel_booking_rooms" VALUES(4,3,2);
INSERT INTO "hotel_booking_rooms" VALUES(10,9,4);
INSERT INTO "hotel_booking_rooms" VALUES(11,10,4);
INSERT INTO "hotel_booking_rooms" VALUES(12,11,4);
INSERT INTO "hotel_booking_rooms" VALUES(13,12,4);
INSERT INTO "hotel_booking_rooms" VALUES(14,13,4);
INSERT INTO "hotel_booking_rooms" VALUES(15,14,4);
INSERT INTO "hotel_booking_rooms" VALUES(16,15,4);
INSERT INTO "hotel_booking_rooms" VALUES(17,16,4);
INSERT INTO "hotel_booking_rooms" VALUES(18,17,4);
INSERT INTO "hotel_booking_rooms" VALUES(19,18,4);
INSERT INTO "hotel_booking_rooms" VALUES(20,19,4);
INSERT INTO "hotel_booking_rooms" VALUES(21,20,4);
INSERT INTO "hotel_booking_rooms" VALUES(22,21,4);
INSERT INTO "hotel_booking_rooms" VALUES(23,22,4);
INSERT INTO "hotel_booking_rooms" VALUES(24,23,4);
INSERT INTO "hotel_booking_rooms" VALUES(25,24,4);
INSERT INTO "hotel_booking_rooms" VALUES(26,25,4);
CREATE TABLE "hotel_hotel" ("id" integer NOT NULL PRIMARY KEY AUTOINCREMENT, "name" varchar(255) NOT NULL, "location" varchar(255) NOT NULL, "description" text NOT NULL);
INSERT INTO "hotel_hotel" VALUES(1,'Hilton Kyiv','Taras Shevchenko Boulevard, 30, Kyiv, Ukraine','We’re located in Kyiv’s Center, opposite the A.V. Fomin Botanical Gardens. The Golden Gate, Kyiv History Museum, and the National Opera of Ukraine are within a 15-minute walk. Our hotel offers modern architecture, an exclusive Executive Lounge, and an on-site restaurant and bar.');
INSERT INTO "hotel_hotel" VALUES(2,'Greguar Hotel & Apartments','Velyka Vasylkivska Street, 67/7, Kyiv, Ukraine','Greguar – cozy rooms and an individual approach to each Guest. We care about safety – we have a shelter. Book a room right now. We are waiting for you!');
INSERT INTO "hotel_hotel" VALUES(3,'Summit Apart Hotel','5 Pushkinska Street, 3d floor, apartment 11, Kyiv, Ukraine','Ideally located in the Shevchenkivskyj district of Kiev, Summit Apart Hotel is located less than 1 km from Shevchenko Park, a 12-minute walk from St. Volodymyr''s Cathedral and less than 1 km from National Reserve "Sophia of Kyiv". The property is around 2.5 km from National Sports Complex "Olympic", 2.9 km from Kiev-Pasazhyrskyi Railway Station and 5.1 km from Mykola Syadristy Microminiatures Museum. Free WiFi is available. The property offers a paid airport shuttle service.');
CREATE TABLE "hotel_payment" ("id" integer NOT NULL PRIMARY KEY AUTOINCREMENT, "amount" decimal NOT NULL, "status" varchar(255) NOT NULL, "payment_date" datetime NOT NULL, "booking_id" bigint NOT NULL UNIQUE REFERENCES "hotel_booking" ("id") DEFERRABLE INITIALLY DEFERRED, "invoice_id" varchar(100) NULL UNIQUE);
INSERT INTO "hotel_payment" VALUES(1,800,'pending','2025-04-15 07:47:31.709833',3,NULL);
INSERT INTO "hotel_payment" VALUES(7,10,'pending','2025-04-24 11:39:58.898408',9,'inv_3d2d98d979');
INSERT INTO "hotel_payment" VALUES(8,10,'pending','2025-04-24 11:53:39.299869',10,'inv_1d01648225');
INSERT INTO "hotel_payment" VALUES(9,10,'pending','2025-04-24 11:58:01.510989',11,'inv_7667c5ac0f');
INSERT INTO "hotel_payment" VALUES(10,10,'pending','2025-04-24 12:01:04.419955',12,'inv_3025fc192e');
INSERT INTO "hotel_payment" VALUES(11,10,'pending','2025-04-24 12:02:43.887764',13,'inv_f944a940a8');
INSERT INTO "hotel_payment" VALUES(12,10,'pending','2025-04-24 12:05:25.550509',14,'2504242MHAnteaYFkM5f');
INSERT INTO "hotel_payment" VALUES(13,10,'pending','2025-04-24 12:14:37.575328',15,'2504246fdVw9qjsHaNJ1');
INSERT INTO "hotel_payment" VALUES(14,10,'success','2025-04-24 12:43:59.724181',16,'2504244wwCAu3JJbw487');
INSERT INTO "hotel_payment" VALUES(15,10,'created','2025-04-24 12:48:05.708869',17,'2504249e53aZNrsCd82F');
INSERT INTO "hotel_payment" VALUES(16,10,'success','2025-04-24 12:53:11.959166',18,'2504247FgrYT9L1xKd7s');
INSERT INTO "hotel_payment" VALUES(17,10,'created','2025-04-24 12:58:25.362230',19,'250424BpnYmhmroCZWPM');
INSERT INTO "hotel_payment" VALUES(18,10,'success','2025-04-24 13:07:51.151976',20,'2504244mZcELmGNaXMTC');
INSERT INTO "hotel_payment" VALUES(19,10,'success','2025-04-24 13:11:38.217730',21,'2504242dDdKcEYTSGi3z');
INSERT INTO "hotel_payment" VALUES(20,10,'pending','2025-04-27 06:14:23.710488',22,'2504276AhGBpk6ypMqee');
INSERT INTO "hotel_payment" VALUES(21,10,'success','2025-04-27 09:17:07.907484',23,'250427CCdCsete8o2NjD');
INSERT INTO "hotel_payment" VALUES(22,10,'created','2025-04-27 09:21:03.817260',24,'2504277Fv5cNDZk5k9zq');
INSERT INTO "hotel_payment" VALUES(23,10,'success','2025-04-27 09:21:40.715169',25,'250427E44ryfSfgRVpVn');
CREATE TABLE "hotel_review" ("id" integer NOT NULL PRIMARY KEY AUTOINCREMENT, "rating" integer NOT NULL, "comment" text NOT NULL, "created_at" datetime NOT NULL, "hotel_id" bigint NOT NULL REFERENCES "hotel_hotel" ("id") DEFERRABLE INITIALLY DEFERRED, "user_id" bigint NOT NULL REFERENCES "user_user" ("id") DEFERRABLE INITIALLY DEFERRED);
INSERT INTO "hotel_review" VALUES(1,4,'Great place for a family vacation! The rooms were spacious and clean, the breakfast was delicious, and the staff was very friendly. The pool was well-maintained, and the mountain view was a nice bonus. We''d love to come back!','2025-04-08 07:32:42.966546',3,1);
INSERT INTO "hotel_review" VALUES(2,5,'Absolutely amazing! Everything from the service to the ocean view was perfect. The private beach access made our stay unforgettable. Highly recommend for a romantic getaway.','2025-04-08 07:32:59.980284',1,1);
INSERT INTO "hotel_review" VALUES(3,3,'Good location close to downtown, but the room was a bit noisy at night. Staff was helpful and check-in was quick. A decent choice for a short city stay."','2025-04-08 07:33:38.390489',2,1);
CREATE TABLE "hotel_room" ("id" integer NOT NULL PRIMARY KEY AUTOINCREMENT, "room_number" integer NOT NULL, "price_per_night" decimal NOT NULL, "is_available" bool NOT NULL, "max_guests" integer NOT NULL, "hotel_id" bigint NOT NULL REFERENCES "hotel_hotel" ("id") DEFERRABLE INITIALLY DEFERRED, "room_type_id" bigint NOT NULL REFERENCES "hotel_roomtype" ("id") DEFERRABLE INITIALLY DEFERRED);
INSERT INTO "hotel_room" VALUES(1,21,1000,1,2,1,2);
INSERT INTO "hotel_room" VALUES(2,1,400,1,2,1,1);
INSERT INTO "hotel_room" VALUES(3,30,2500,1,6,1,5);
INSERT INTO "hotel_room" VALUES(4,31,5,1,5,3,1);
CREATE TABLE "hotel_room_amenities" ("id" integer NOT NULL PRIMARY KEY AUTOINCREMENT, "room_id" bigint NOT NULL REFERENCES "hotel_room" ("id") DEFERRABLE INITIALLY DEFERRED, "amenity_id" bigint NOT NULL REFERENCES "hotel_amenity" ("id") DEFERRABLE INITIALLY DEFERRED);
INSERT INTO "hotel_room_amenities" VALUES(1,1,1);
INSERT INTO "hotel_room_amenities" VALUES(2,1,2);
INSERT INTO "hotel_room_amenities" VALUES(3,1,3);
INSERT INTO "hotel_room_amenities" VALUES(4,1,5);
INSERT INTO "hotel_room_amenities" VALUES(5,2,2);
INSERT INTO "hotel_room_amenities" VALUES(6,3,1);
INSERT INTO "hotel_room_amenities" VALUES(7,3,2);
INSERT INTO "hotel_room_amenities" VALUES(8,3,3);
INSERT INTO "hotel_room_amenities" VALUES(9,3,4);
INSERT INTO "hotel_room_amenities" VALUES(10,3,5);
INSERT INTO "hotel_room_amenities" VALUES(11,4,1);
INSERT INTO "hotel_room_amenities" VALUES(12,4,2);
INSERT INTO "hotel_room_amenities" VALUES(13,4,3);
CREATE TABLE "hotel_roomtype" ("id" integer NOT NULL PRIMARY KEY AUTOINCREMENT, "name" varchar(100) NOT NULL UNIQUE, "description" text NOT NULL);
INSERT INTO "hotel_roomtype" VALUES(1,'Standard','A basic room with essential amenities for a comfortable stay.');
INSERT INTO "hotel_roomtype" VALUES(2,'Deluxe','Spacious room with upgraded furnishings and additional amenities.');
INSERT INTO "hotel_roomtype" VALUES(3,'Suite','Large multi-room layout with separate living area and premium features.');
INSERT INTO "hotel_roomtype" VALUES(4,'Family Room','Designed for families, includes extra beds or sleeping space for children.');
INSERT INTO "hotel_roomtype" VALUES(5,'Penthouse','Luxurious top-floor suite with panoramic views and exclusive features.');
CREATE TABLE "user_user" ("id" integer NOT NULL PRIMARY KEY AUTOINCREMENT, "password" varchar(128) NOT NULL, "last_login" datetime NULL, "is_superuser" bool NOT NULL, "username" varchar(150) NOT NULL UNIQUE, "first_name" varchar(150) NOT NULL, "last_name" varchar(150) NOT NULL, "email" varchar(254) NOT NULL, "is_staff" bool NOT NULL, "is_active" bool NOT NULL, "date_joined" datetime NOT NULL);
INSERT INTO "user_user" VALUES(1,'pbkdf2_sha256$1000000$ip5EY9XBf45Nh5O23rIsVH$/igPSixvNS9vj5JwECXkSao/174D5dht4WNBp+p95os=','2025-04-07 09:04:30.248744',1,'admin','','','admin@admin.admin',1,1,'2025-04-07 09:03:42.112553');
INSERT INTO "user_user" VALUES(2,'pbkdf2_sha256$1000000$jjL9iKdzDj64qIt0kYljRq$xiPLSRO8Btl+ulULCDNTAYjQSvvs7XooVbYDGP6So1Y=',NULL,0,'diemon_bil','','','crazyevildocs@gmail.com',0,1,'2025-04-15 09:04:53.786559');
INSERT INTO "user_user" VALUES(3,'pbkdf2_sha256$1000000$fO9SUfGZCEXUKKNyt2g0uo$oR6ReDUUklsiFecR91Xp9T36Py5hUauAnc9hySRSQNE=',NULL,0,'alien','','','',0,1,'2025-04-17 06:28:26.745459');
CREATE TABLE "user_user_groups" ("id" integer NOT NULL PRIMARY KEY AUTOINCREMENT, "user_id" bigint NOT NULL REFERENCES "user_user" ("id") DEFERRABLE INITIALLY DEFERRED, "group_id" integer NOT NULL REFERENCES "auth_group" ("id") DEFERRABLE INITIALLY DEFERRED);
CREATE TABLE "user_user_user_permissions" ("id" integer NOT NULL PRIMARY KEY AUTOINCREMENT, "user_id" bigint NOT NULL REFERENCES "user_user" ("id") DEFERRABLE INITIALLY DEFERRED, "permission_id" integer NOT NULL REFERENCES "auth_permission" ("id") DEFERRABLE INITIALLY DEFERRED);
CREATE UNIQUE INDEX "django_content_type_app_label_model_76bd3d3b_uniq" ON "django_content_type" ("app_label", "model");
CREATE UNIQUE INDEX "auth_group_permissions_group_id_permission_id_0cd325b0_uniq" ON "auth_group_permissions" ("group_id", "permission_id");
CREATE INDEX "auth_group_permissions_group_id_b120cbf9" ON "auth_group_permissions" ("group_id");
CREATE INDEX "auth_group_permissions_permission_id_84c5c92e" ON "auth_group_permissions" ("permission_id");
CREATE UNIQUE INDEX "auth_permission_content_type_id_codename_01ab375a_uniq" ON "auth_permission" ("content_type_id", "codename");
CREATE INDEX "auth_permission_content_type_id_2f476e4b" ON "auth_permission" ("content_type_id");
CREATE UNIQUE INDEX "user_user_groups_user_id_group_id_bb60391f_uniq" ON "user_user_groups" ("user_id", "group_id");
CREATE INDEX "user_user_groups_user_id_13f9a20d" ON "user_user_groups" ("user_id");
CREATE INDEX "user_user_groups_group_id_c57f13c0" ON "user_user_groups" ("group_id");
CREATE UNIQUE INDEX "user_user_user_permissions_user_id_permission_id_64f4d5b8_uniq" ON "user_user_user_permissions" ("user_id", "permission_id");
CREATE INDEX "user_user_user_permissions_user_id_31782f58" ON "user_user_user_permissions" ("user_id");
CREATE INDEX "user_user_user_permissions_permission_id_ce49d4de" ON "user_user_user_permissions" ("permission_id");
CREATE INDEX "django_admin_log_content_type_id_c4bce8eb" ON "django_admin_log" ("content_type_id");
CREATE INDEX "django_admin_log_user_id_c564eba6" ON "django_admin_log" ("user_id");
CREATE INDEX "hotel_review_hotel_id_84b7e376" ON "hotel_review" ("hotel_id");
CREATE INDEX "hotel_review_user_id_aba6c0af" ON "hotel_review" ("user_id");
CREATE UNIQUE INDEX "hotel_room_amenities_room_id_amenity_id_92abd39e_uniq" ON "hotel_room_amenities" ("room_id", "amenity_id");
CREATE INDEX "hotel_room_amenities_room_id_1de70e88" ON "hotel_room_amenities" ("room_id");
CREATE INDEX "hotel_room_amenities_amenity_id_33e97b5a" ON "hotel_room_amenities" ("amenity_id");
CREATE INDEX "django_session_expire_date_a5c62663" ON "django_session" ("expire_date");
CREATE UNIQUE INDEX "hotel_room_hotel_id_room_number_cbb8a59e_uniq" ON "hotel_room" ("hotel_id", "room_number");
CREATE INDEX "hotel_room_hotel_id_c05078e5" ON "hotel_room" ("hotel_id");
CREATE INDEX "hotel_room_room_type_id_8d455d55" ON "hotel_room" ("room_type_id");
CREATE INDEX "hotel_booking_user_id_2a2702b8" ON "hotel_booking" ("user_id");
CREATE UNIQUE INDEX "hotel_booking_rooms_booking_id_room_id_b56deb64_uniq" ON "hotel_booking_rooms" ("booking_id", "room_id");
CREATE INDEX "hotel_booking_rooms_booking_id_08c27a88" ON "hotel_booking_rooms" ("booking_id");
CREATE INDEX "hotel_booking_rooms_room_id_140cd5a9" ON "hotel_booking_rooms" ("room_id");
DELETE FROM "sqlite_sequence";
INSERT INTO "sqlite_sequence" VALUES('django_migrations',26);
INSERT INTO "sqlite_sequence" VALUES('django_content_type',13);
INSERT INTO "sqlite_sequence" VALUES('auth_permission',52);
INSERT INTO "sqlite_sequence" VALUES('auth_group',0);
INSERT INTO "sqlite_sequence" VALUES('django_admin_log',0);
INSERT INTO "sqlite_sequence" VALUES('hotel_review',3);
INSERT INTO "sqlite_sequence" VALUES('user_user',3);
INSERT INTO "sqlite_sequence" VALUES('hotel_hotel',3);
INSERT INTO "sqlite_sequence" VALUES('hotel_amenity',5);
INSERT INTO "sqlite_sequence" VALUES('hotel_room',4);
INSERT INTO "sqlite_sequence" VALUES('hotel_roomtype',5);
INSERT INTO "sqlite_sequence" VALUES('hotel_room_amenities',13);
INSERT INTO "sqlite_sequence" VALUES('hotel_booking',25);
INSERT INTO "sqlite_sequence" VALUES('hotel_booking_rooms',26);
INSERT INTO "sqlite_sequence" VALUES('hotel_payment',23);
COMMIT;
